Name,Hiring Date,Department,Birthday
Thomas Phillips,2021-09-23,HR,1999-05-26
Thomas Gonzales,2020-08-28,Engineering,1985-07-11
Ashley Williams,2017-10-28,Sales,1963-11-20
Colton Murphy,2016-09-12,Marketing,2001-08-27
Ryan Johnston,2019-07-10,Sales,1991-04-25
Kelsey Lucas,2018-04-23,Customer Support,1998-04-09
Jason Berry,2020-08-28,Customer Support,1998-04-19
Robert Hall,2016-05-10,Marketing,2000-04-02
Lori Hopkins,2023-10-08,Customer Support,2004-05-02
Cassandra Wilcox,2024-06-25,Customer Support,1966-01-12
Peter Williams,2023-05-01,Engineering,1987-02-03
Wendy Rodgers,2015-03-14,HR,1972-01-12
Natalie Taylor,2018-02-07,Engineering,1969-09-27
Robert Brown,2024-09-29,Engineering,1970-11-10
David Webster,2019-06-07,Marketing,1964-12-24
Jeremiah Moore,2017-03-14,Sales,2001-06-10
Maria Cannon,2016-10-20,HR,1980-05-02
Mr. John Kennedy,2015-09-30,Engineering,1969-09-27
Joel Parker,2015-11-06,Engineering,1990-12-13
David Marshall,2018-12-05,Customer Support,2004-02-06
Meredith Smith,2023-05-29,Customer Support,1999-09-19
Vanessa Wright,2017-12-25,Marketing,1975-10-10
April Elliott,2015-08-06,Engineering,2000-12-13
Donald Rowe,2023-10-11,HR,1983-04-22
Ashley Tyler,2022-08-02,Customer Support,1991-06-30
Amanda Rivera,2024-11-01,Engineering,1983-01-09
James Haynes,2024-04-26,HR,1965-11-28
Emily Ramirez DVM,2024-02-26,Sales,1976-08-07
Lori Wood,2023-01-15,Engineering,1982-08-12
Stephanie Bauer,2023-03-01,Marketing,1994-01-27
Kristin King,2017-05-01,Engineering,1984-02-19
Russell Morales,2020-08-04,Engineering,1994-03-11
Eric Aguirre,2020-03-11,Sales,1990-06-11
Chris Mcgee,2019-11-26,Sales,1968-01-14
Dr. David Reid,2019-03-16,Marketing,1984-10-17
Rachel Hopkins,2017-05-13,HR,2000-03-08
Marissa Elliott,2016-04-03,HR,1965-10-05
Dylan Brown,2016-02-12,Marketing,1966-12-10
William Carter,2023-03-16,Engineering,1983-10-31
Tricia Jensen,2024-01-28,Sales,1997-11-15
Kristen Lee,2016-12-10,Customer Support,1992-10-24
Michael Allen,2018-10-08,Customer Support,1976-02-17
Crystal Murray,2021-11-22,Engineering,1993-05-16
Mary Thomas,2017-06-04,Customer Support,1978-08-07
Jason Riddle,2020-06-08,HR,1972-08-04
William Miller,2017-01-18,Customer Support,1997-02-15
Tammy Williams,2020-04-21,Engineering,2001-08-15
Dana Blackburn,2018-06-21,HR,1979-08-16
Teresa Anderson,2019-08-08,Engineering,2000-04-21
Jamie Boone,2015-07-18,Sales,1965-07-08
Martha Harris,2020-10-06,Marketing,1999-06-18
Dr. Mary Wilson,2015-05-18,HR,1992-07-30
Cassandra Collins,2017-10-09,Customer Support,1978-05-01
Stephen Jones,2023-02-11,Engineering,1979-02-15
Jose Duffy,2016-05-13,Marketing,1971-11-26
John Farmer,2024-10-13,Customer Support,1998-09-18
Ebony Wright,2021-02-06,Marketing,1981-09-11
Lisa Morrow,2023-03-18,Sales,2000-07-25
Daniel Wright,2023-05-27,Sales,1977-06-27
Scott Hardin,2017-05-30,Sales,1986-05-17
Eric Stuart,2023-09-26,Sales,1981-12-09
Emily Holloway,2023-09-09,Sales,2004-04-25
Chelsea Young,2018-12-28,HR,1987-06-18
Maria Johnson,2018-06-01,Marketing,2004-10-07
Samuel Jacobson,2022-10-27,Engineering,1976-07-22
April Davis,2015-11-23,Engineering,1982-01-11
Veronica Thompson,2023-06-15,Engineering,1976-03-29
Jack Juarez,2018-07-04,HR,2002-05-10
Mark Lee,2016-04-30,Marketing,1990-05-10
Maria Cantu,2024-10-13,Marketing,1973-01-14
Steven Leach,2021-05-30,HR,1983-12-30
Jacqueline Peters,2018-07-29,Engineering,1999-02-16
John Lopez PhD,2024-06-18,Marketing,1990-12-05
Margaret Barry,2021-02-18,HR,1998-05-09
William Rogers,2018-02-14,HR,1983-06-25
John Johnson,2018-05-18,Sales,1969-10-28
James Adams,2015-10-07,HR,1972-11-29
Mrs. Jessica Campbell,2020-03-12,Customer Support,1985-10-23
Beverly Mitchell,2015-09-21,Marketing,1969-11-02
Ronald Thomas,2022-04-05,Engineering,2004-08-28
Vernon Ward,2018-09-02,Sales,1974-06-12
Leslie Alvarez,2024-05-25,HR,1975-02-10
James Lee,2024-04-04,Sales,1975-01-30
Mr. Nicholas Melton,2017-06-21,Sales,1990-06-09
Leslie Taylor,2021-11-26,HR,1974-05-31
Erin Watkins,2015-08-31,HR,1981-06-10
Dennis Taylor DDS,2022-03-20,Marketing,1979-06-14
Lindsey Hanna,2016-04-02,Engineering,1987-03-09
Daniel Wolfe,2016-02-09,Engineering,1995-02-24
Dr. Paul Dougherty,2021-07-30,Engineering,2002-09-17
Bradley Rivera,2019-06-20,HR,1997-01-27
Cody Gilmore,2024-04-23,Engineering,1972-11-08
Krista Harding,2015-07-02,Sales,1973-10-24
Christopher Miller,2016-01-31,Customer Support,1974-12-29
Brenda Smith,2021-03-25,Customer Support,1996-08-24
Nathan Clark,2017-02-11,Engineering,1990-01-18
Kristin Clements,2021-03-22,Customer Support,2003-05-30
Kimberly Davis,2024-07-04,Customer Support,1978-11-12
Krystal Johnson,2020-10-24,HR,1997-06-24
Kenneth Jordan,2018-03-10,Engineering,1983-01-04
